"summary","entities","keywords"
"Vladimir Screciu a declarat, joi, 25 septembrie, într-o conferinţă de presă, că formaţia sa nu îşi mai permite să piardă puncte în campionat, după eşecul din etapa trecută, când a pierdut cu 1-0 în deplasare la Oţelul Galaţi.","Vladimir Screciu,Oţelul Galaţi","declarat,conferinţă de presă,formaţia,pierdut puncte,campionat,eşecul,etapa trecută,pierdut,deplasare"
"Giovanni Leoni, fundaș central italian de 18 ani, a fost dorit pe parcursul verii de Cristi Chivu la Inter Milano. În cele din urmă, fostul stoper de la Parma, unde a jucat sub comanda antrenorului român, a ales calea Premier League. Liverpool a plătit 35 de milioane în schimbul tânărului jucător, care a semnat un […]","Giovanni Leoni,Cristi Chivu,Inter Milano,Parma,Premier League,Liverpool","fundaș central,antrenor,român,tânăr jucător,semnat,schimbul,a fost dorit,a ales,a plătit"
"Luni, 22 septembrie, Alexandru Mitriță (30 de ani) s-a retras de la naționala României. Alexandru Mitriță a strâns 25 de meciuri la naționala României, timp în care a marcat 4 goluri. Fotbalistul și-a făcut debutul la prima reprezentativă pe 24 martie 2018, într-un amical câștigat cu Israel, 2-1, în mandatul lui Cosmin Contra. Răzvan Raț (113 meciuri la […]","Alexandru Mitriță,naționala României,Israel,Cosmin Contra,Răzvan Raț","retras,meciuri,goluri,fotbalistul,debutul,reprezentativă,amical,câștigat,mandatul"
"Florentin Pera a decis să părăsească funcția de selecționer a naționalei de handbal feminin, asta în condițiile în care CM de handbal din Germania și Olanda ia startul pe 26 noiembrie. El a condus naționala în această lună în două partide de pregătire cu Franța, iar până în CM mai sunt programate alte două amicale, […]","Florentin Pera,naționalei de handbal feminin,CM de handbal,Germania,Olanda,Franța","părăsească,funcția,selecționer,partide de pregătire,amicale"
"FCSB va debuta azi, 25 septembrie, în faza principală a Europa League, în deplasare cu Go Ahead Eagles.","FCSB,Europa League,Go Ahead Eagles","debutează,faza principală,deplasare"
"Elina Svitolina (31 de ani, locul 12 WTA) a decis, chiar înainte de turneul WTA 1000 de la Beijing (24 septembrie – 5 octombrie), că nu va mai juca în acest sezon. Printr-un mesaj postat pe contul personal de Instagram și-a motivat decizia, dezvăluind că nu se află în cel mai bun moment din punct […]","Elina Svitolina,WTA 1000,Beijing,Instagram","a decis,nu va mai juca,acest sezon,mesaj postat,contul personal,motivat decizia,nu se află,cel mai bun moment"
"Legendarul Ronaldo Nazario, dublu campion mondial, a pledat pentru o revenire a lui Neymar la naţionala Braziliei în vederea Cupei Mondiale din 2026.","Ronaldo Nazario,Neymar,naţionala Braziliei,Cupa Mondiale","legendarul,dublu campion mondial,pledat,revenire"
"Naționala de fotbal a României nu traversează cel mai bun moment, după ce în vara anului trecut a impresionat la EURO 2024.","Naționala de fotbal a României,EURO 2024","traversează,moment,impresionat,vara"
"Universitatea Craiova se pregătește de meciul cu Dinamo, programat vineri, 26 septembrie, de la ora 21:00, în direct pe Digi Sport 1. Universitatea Craiova este lider în SuperLiga, însă oltenii vin după primul eșec al sezonului în campionat, scor 0-1 cu Oțelul. Mirel Rădoi: “Să-și petreacă timpul cu familia și nu avea niciun fel de […]","Universitatea Craiova,Dinamo,Digi Sport 1,SuperLiga,Oțelul,Mirel Rădoi","meciul,lider,eșec,sezon,campionat,scor,familia"
"FCSB o va întâlni pe azi, 25 septembrie, pe Go Ahead Eagles, de la ora 19:45, în prima rundă din faza ligii Europa League, în direct la Digi Sport 1.","FCSB,Go Ahead Eagles,Europa League,Digi Sport 1","întâlni,prima rundă,faza,în direct"
"Ion Țiriac (86 de ani) a povestit cum l-a remarcat pe Jannik Sinner (24 de ani), italianul care domină tenisul mondial alături de spaniolul Carlos Alcaraz (22 de ani).","Ion Țiriac,Jannik Sinner,Carlos Alcaraz,Italianul,Spaniolul,Tenisul Mondial","remarcat,domină"
"Un eveniment complet inexplicabil a avut loc la un liceu din Michigan, în Statele Unite ale Americii. Un tânăr jucător de fotbal american a sărit, în timpul unui meci dintre Lakeshore și Kalamazoo Central, peste un adversar mult mai slab din punct de vedere fizic, și i-a provocat o dublă fractură de coloană vertebrală. Incident […]","Michigan,Statele Unite ale Americii,Lakeshore,Kalamazoo Central","eveniment complet inexplicabil,liceu,tânăr jucător de fotbal american,sărit,meci,adversar,slab din punct de vedere fizic,dublă fractură de coloană vertebrală,incident"
"FCSB debutează în faza principală a Europa League. Joi, 25 septembrie, campioana României joacă pe terenul olandezilor de la Go Ahead Eagles, de la ora 19:45. Olandezii nu înțeleg ce s-a întâmplat cu FCSB în acest sezon Chiar dacă vine după două titluri de campioană în România, dar și după rezultate notabile în cupele europene, FCSB nu îi […]","FCSB,Europa League,România,Go Ahead Eagles","debutează,faza principală,campioana,terenul olandezilor,titluri de campioană,rezultate notabile,cupele europene"
"Universitatea Craiova și Dinamo se întâlnesc vineri, 26 septembrie, ora 21:00, în direct pe Digi Sport 1, în derby-ul etapei cu numărul 11 din SuperLiga României.","Universitatea Craiova,Dinamo,Digi Sport 1,SuperLiga României","întâlnesc,direct,derby,etapa,numărul 11"
"Universitatea Craiova și Dinamo se întâlnesc vineri, 26 septembrie, ora 21:00, în direct pe Digi Sport 1, în derby-ul etapei cu numărul 11 din SuperLiga României.","Universitatea Craiova,Dinamo,Digi Sport 1,SuperLiga României","întâlnesc,direct,derby-ul,etapei,numărul 11"
"Rapid se pregătește de derby-ul cu Petrolul, din etapa a 11-a, după ce în rundă precedentă a pierdut în Giulești cu Hermannstadt, scor 1-2.","Rapid,Petrolul,etapa a 11-a,rundă precedentă,Giulești,Hermannstadt","derby,pierdut,scor"
"Sosit în vară la Genoa, Nicolae Stanciu (32 de ani) a început ca din tun la clubul patronat de Dan Șucu (62 de ani). În cele din urmă, căpitanul naționalei României a scăzut din turație, iar la ultimele două meciuri a rămas pe banca de rezerve. Nicolae Stanciu, șanse mari să joace în Cupa Italiei Genoa urmează să evolueze contra celor […]","Genoa,Nicolae Stanciu,Dan Șucu,naționalei României,Cupa Italiei","sosit,vară,început,tun,club,patronat,căpitanul,scăzut,turație,ultimele,meciuri,banca de rezerve,șanse mari,joace,evolueze,contra"
"Chiar dacă l-a cumpărat în această vară pe Dean Huijsen (20 de ani) de la Bournemouth pentru 58 de milioane de euro, Real Madrid mai plănuiește să transfere alți fundași centrali, în condițiile în care, cel mai probabil, David Alaba și Antonio Rudiger vor pleca vara viitoare de pe Santiago Bernabeu.","Dean Huijsen,Bournemouth,Real Madrid,David Alaba,Antonio Rudiger,Santiago Bernabeu","cumpărat,vară,transfere,fundași centrali,pleca"
"Universitatea Craiova va debuta în faza ligii din Conference League pe 2 octombrie cu Rakow, dar primul meci pe teren propriu va fi cel cu Noah, pe 23 octombrie.","Universitatea Craiova,Conference League,Rakow,Noah","debutează,faza ligii,meci,teren propriu"
"Mirel Rădoi (44 de ani) s-a confruntat cu probleme de sănătate în finalul meciului Universitatea Craiova – Farul, scor 2-0, din etapa a noua în SuperLigă, disputat pe 14 septembrie.","Mirel Rădoi,Universitatea Craiova,Farul,SuperLigă","probleme de sănătate,finalul meciului,scor,etapa a noua,disputat"
"Ajuns la 29 de ani, George Pușcaș este liber de contract în momentul de față. După despărțirea de Bodrumspor, George Pușcaș își caută echipă. Edi Iordănescu s-a interesat de serviciile sale, însă mutarea a picat în cele din urmă. Legia l-a dorit pe Pușcaș: “Nu a fost interesat“ În căutarea formei din trecut, George Pușcaș își analizează […]","George Pușcaș,Bodrumspor,Edi Iordănescu,Legia","liber de contract,despărțire,caută echipă,interesat de serviciile,mutarea a picat,dorit,în căutarea formei din trecut,analizează"
"Unul dintre cei mai puternici contestatari ai Rapidului, Marian Iancu a ținut să intervină după poziția luată de Victor Angelescu în cazul lui Alexandru Dobre. Concret, Alexandru Dobre s-a aflat în mijlocul evenimentelor în ultimele zile, după ce s-a contrat cu un fan din galeria Rapidului după eșecul cu Hermannstadt. Marian Iancu și-a scos pălăria […]","Rapidului,Marian Iancu,Victor Angelescu,Alexandru Dobre,Hermannstadt","contestatari,intervină,poziția,evenimentelor,contrat,fan,galeria,eșecul,pălăria"
"Luni, 22 septembrie, Alexandru Mitriță (30 de ani) și-a anunțat retragerea de la echipa națională a României.","Alexandru Mitriță,echipa națională a României","retragerea"
"Achraf Hakimi (26 de ani) a fost acuzat de viol de o tânără pe nume Amelie, de aceeași vârstă cu starul PSG-ului. Evenimentul s-ar fi petrecut în casa fotbalistului marocan din Paris, pe 25 februarie 2023, însă jucătorul a negat toate acuzațiile. Procuratura a cerut ca fotbalistul campioanei Europei să fie judecat, iar dacă va […]","Achraf Hakimi,Amelie,PSG,Paris,Procuratura,Europa","viol,acuzat,fotbalist,marocan,acuzații,judecat,campioanei"
"Joi, 25 septembrie, campioana României joacă pe terenul olandezilor de la Go Ahead Eagles, de la ora 19:45.","România,Go Ahead Eagles,terenul olandezilor","joacă,campioana,teren"
"Meciul de futsal România – Ungaria a fost întrerupt, după ce ultrașii olteni s-au luat la bătaie cu jandarmii.","România,Ungaria,ultrașii olteni,jandarmii","meciul,futsal,întrerupt,luat la bătaie"
"Jaqueline Cristian a fost învinsă de Jessica Boyzas Maneiro, scor 4-6, 0-6, în primul tur de la Beijing. Tot joi dimineață, Gabriela Ruse s-a calificat în turul doi.","Jaqueline Cristian,Jessica Boyzas Maneiro,Beijing,Gabriela Ruse,turul doi","învinsă,scor,primul tur,calificat"
"Numit în această vară la Inter, Cristi Chivu (44 de ani) trebuie să facă față unei provocări uriașe. Din momentul venirii la Inter, Cristi Chivu a înregistrat 5 victorii, o remiză și 3 eșecuri. Parcursul de până acum l-a făcut pe antrenorul român să aibă o nouă strategie, iar italienii scriu că a revenit la […]","Inter,Cristi Chivu","victorii,remiză,eșecuri,antrenor,strategie,italienii"
"Julian Alvarez (25 de ani) și-a demonstrat încă o dată valoarea în victoria cu Rayo Vallecano, scor 3-2, și a arătat de ce Atletico Madrid a plătit 75 de milioane de euro pentru a-l cumpăra de la Manchester City în vara anului 2024.","Julian Alvarez,Rayo Vallecano,Atletico Madrid,Manchester City","victorie,scor 3-2,cumpăra,75 de milioane de euro"
"Simona Halep (33 de ani) s-a retras oficial din tenis în luna februarie a anului 2025.","Simona Halep,tenis","retras,oficial"
"De la austeritate la fotbal: cazul CSA Steaua. FANATIK a întrebat MApN dacă are în plan să reducă cheltuielile pentru fotbal. Ne-au răspuns chiar șefii clubului Steaua","CSA Steaua,FANATIK,MApN,Steaua","austeritate,fotbal,caz,cheltuieli,club,șefii"
"Primarul de la Pitești a făcut dezvăluiri incredibile despre ultimele zile din viața tatălui lui Dani Coman. Decesul părintelui oficialului de la FC Argeș a amânat mersul la Arsenal - Manchester City.","Primarul de la Pitești,Dani Coman,FC Argeș,Arsenal,Manchester City","deces,amânat,mersul,dezvăluiri,incredibile,viața,tatălui,oficialului"
"Un oficial al unei echipe din SuperLiga a făcut un scandal uriaș la un meci din etapa a 9-a, iar FRF a dictat o suspendare pe măsură.","SuperLiga,FRF","oficial,echipa,scandal,meci,etapa a 9-a,suspendare"
"În fotbalul european, fiecare debut scrie o poveste. Joi, Go Ahead Eagles își începe aventura în Europa League, pe teren propriu, contra celor de la","fotbalul european,Go Ahead Eagles,Europa League","debut,poveste,aventura,teren propriu,contra"
"Află cât costă o garsonieră sau un apartament de două camere în marile centre universitare din România. Ce variante au studenții","România","cost,garsonieră,apartament,două camere,centre universitare,studenți,variante"
"Deși a început campionatul cu pretenții la titlu, CFR Cluj se teme în acest moment pentru prezența în play-off: „Suntem în mare pericol”","CFR Cluj","campionat,pretenții la titlu,play-off,pericol"
"Incertitudine totală privind extrădarea lui Horațiu Potra, șeful mercenarilor acuzat de tentativă de lovitură de stat! De ce e greu de prezis când va ajunge în țară?","Horațiu Potra","extrădare,șeful mercenarilor,acuzat,tentativă de lovitură de stat,țară"
"Sergiu Mihalcea, care a demisionat recent din partidul condus de George Simion, a fost implicat într-un dosar de executare silită.","Sergiu Mihalcea,George Simion,partidul","demisionat,implicat,dosar,executare silită"
"Pană generalizată la plățile cu cardul pe 24 septembrie 2025: clienții BT nu au putut plăti în Kaufland, DM și alte magazine din România. Serviciul 24pay blocat complet.","BT,Kaufland,DM,România,Serviciul 24pay","pană generalizată,plățile cu cardul,clienți,nu au putut plăti,magazine,blocat complet"
"Dinamo se pregătește de meciul de vineri seară din deplasare cu Universitatea Craiova. Ce probleme a întâmpinat antrenorul Zeljko Kopic.","Dinamo,Universitatea Craiova,Zeljko Kopic","meci,deplasare,antrenor,probleme,pregătește,întâmpinat"
"Rapid stă pe un butoi cu pulbere după scandalul dintre suporteri și Alex Dobre, iar Dumitru Dragomir a explicat la ”Profețiile lui DON Mitică” ce măsură trebuie luată.","Rapid,Alex Dobre,Dumitru Dragomir,Profețiile lui DON Mitică","scandal,suporteri,măsură,butpoi cu pulbere"
"Fostul jucător de la Rapid, Florent Hasani, are evoluții foarte bune la noua echipă și este golgheterul campionatului după primele 7 etape","Rapid,Florent Hasani,noua echipă,golgheterul campionatului","fostul jucător,evoluții foarte bune,primele 7 etape"
"Caracatița familiilor politice mușcă din bugetul de stat. Sute de mii de lei merg în fiecare lună în buzunarele unor rude apropiate ale politicienilor de rang","Caracatița familiilor politice,bugetul de stat","mii de lei,lună,buzunarele,rude apropiate,politicieni,rang"
"Vești proaste pentru Liverpool. Fundașul transferat pentru peste 30 de milioane de euro va rata luni bune după ce s-a accidentat la debut.","Liverpool","vești proaste,fundașul transferat,30 de milioane de euro,accidentat,debut"
"FCSB și Universitatea Craiova vor lupta în acest sezon european pentru o ascensiune a SuperLigii în clasamentul coeficienților UEFA. Locul 20 ar fi varianta cea mai optimistă.","FCSB,Universitatea Craiova,SuperLigii,UEFA,Locul 20","lupta,sezon european,ascensiune,clasamentul coeficienților,varianta cea mai optimistă"
"Vodafone a realizat raportul „Conexiune între comunități”, care arată că diviziunea digitală reprezintă o vulnerabilitate strategică majoră pentru Europa.","Vodafone,Europa,Conexiune între comunități","raport,diviziune digitală,vulnerabilitate strategică"
"Mihai Rotaru a dezvăluit, în direct la FANATIK SUPERLIGA, câte pachete a vândut Universitatea Craiova pentru cele trei meciuri de acasă din Conference League.","Mihai Rotaru,FANATIK SUPERLIGA,Universitatea Craiova,Conference League","dezvăluit,în direct,pachete,vândut,meciuri de acasă"
"Biletul zilei la pariuri de joi, 25 septembrie 2025, poate aduce un câștig de 276 de lei cu ajutorul a două meciuri de fotbal din La Liga și Europa League.","La Liga,Europa League","biletul zilei,pariuri,câștig,lei,meciuri,fotbal"
"FANATIK a analizat raportul Wyscout al celor 7 meciuri disputate de Go Ahead Eagles în acest sezon. Cine sunt jucătorii de care FCSB trebuie să se teamă în Olanda.","FANATIK,Wyscout,Go Ahead Eagles,FCSB,Olanda","analizat,raportul,meciuri disputate,sezon,jucătorii,trebuie,se teamă"
"România participă la Campionatele Mondiale de Canotaj din Shanghai cu 39 de sportivi, împărţiţi în 13 echipaje. Concursul are loc între 21 şi 28 septembrie 2025.","România,Campionatele Mondiale de Canotaj,Shanghai","participă,sportivi,echipaje,concurs"
"Lamine Yamal este în continuare accidentat, însă jurnaliștii au aflat când fotbalistul iberic ar putea să revină pe gazon pentru trupa catalană","Lamine Yamal,fotbalistul iberic,trupa catalană","accidentat,jurnaliști,revină,gazon"
"Real Madrid, subiect de glume după ce a prezentat un jucător de 11 ani. Revolta fanilor din baschet când au văzut despre cine e vorba.","Real Madrid,jucător de 11 ani,fanilor din baschet","subiect,glume,prezentat,Revolta,văzut,despre cine e vorba"
"FCSB, campioana României, are parte de un început intens de campanie în Europa League, faza principală, acolo unde roș-albaștrii evoluează pentru al","FCSB,România,Europa League","campioana,început intens,campanie,faza principală,roș-albaștrii,evoluează"
"Revista FANATIK 769 pe septembrie-octombrie: cine este celebrul Fabrizio Romano, interviu cu Adrian Mazilu, adversarele europene ale lui FCSB și Universitatea Craiova sub lupă.","Revista FANATIK 769,Fabrizio Romano,Adrian Mazilu,FCSB,Universitatea Craiova","septembrie-octombrie,celebru,interviu,adversare,europene,sub lupă"
"Teodora Stoica a semnat cu unul dintre cele mai îndrăgite posturi TV din România. Ce emisiune va prezenta fiica lui Mihai Stoica.","Teodora Stoica,România,Mihai Stoica","a semnat,posturi TV,emisiune,va prezenta,fiica"
"Fără doar și poate că Real Madrid - Barcelona este cea mai așteptată partidă în întreaga lume, iar La Liga a decis data la care se va juca primul El Clasico al sezonului.","Real Madrid,Barcelona,La Liga,El Clasico","partidă,așteptată,întreaga lume,decis,data,juca,primul,sezonului"
"Fostul adversar al FCSB-ului, Leon de Kogel, a vorbit pentru site-ul oficial al celor de la Go Ahead Eagles și le-a transmis gândurile sale.","FCSB,Leon de Kogel,Go Ahead Eagles","fostul adversar,a vorbit,site-ul oficial,a transmis,gândurile sale"
"A venit nota de plată în cazul lui Mihai Stoica și al lui Florin Tănase. Ce sancțiuni au primit de la Comisia de Disciplină a FRF pentru criticile îndreptate către arbitraj.","Mihai Stoica,Florin Tănase,Comisia de Disciplină,FRF","nota de plată,caz,sancțiuni,critici,arbitraj"
"Florin Bratu a transmis, în direct la FANATIK DINAMO, că Dinamo poate întâmpina probleme în lupta pentru play-off. Antrenorul a oferit exemplul lui Sepsi de anul trecut.","Florin Bratu,FANATIK DINAMO,Dinamo,play-off,Sepsi","transmis,direct,probleme,lupta,Antrenorul,exemplu,anul trecut"
"Revoltă la un club mare din Europa. Cine este fotbalistul cenzurat de conducere după postările din mediul online despre Charlie Kirk.","Europa,Charlie Kirk","revoltă,club mare,fotbalist,cenzurat,conducere,postările,mediul online"
"Mihai Stoica a vorbit despre situația din campionat a FCSB-ului. Ce a precizat și înaintea meciului de joi seară cu Go Ahead Eagles. I-a luat apărarea unuia dintre colegi.","Mihai Stoica,FCSB,Go Ahead Eagles","campionat,meci,apărarea,colegi"
"Spre uimirea microbiștilor, meciul zilei nu vine din Europa League. După ce a defilat în Champions League, a făcut un rezultat uluitor în campionatul intern","Europa League,Champions League,campionatul intern","meciul zilei,defilat,rezultat uluitor,uimirea microbiștilor"
"Antrenorul lui Go Ahead Eagles se teme de FCSB înaintea meciului direct din Europa League în ciuda parcursului slab înregistrat de campioana României în Superliga","Antrenorul,Go Ahead Eagles,FCSB,Europa League,României,Superliga","teme,meciului direct,parcurs slab,înregistrat,campioana"
"FANATIK a aflat că Florentin Pera și Bogdan Burcea și-au dat demisia de la naționala feminină de handbal. România rămâne fără selecționer cu două luni înainte de Campionatul Mondial.","FANATIK,Florentin Pera,Bogdan Burcea,naționala feminină de handbal,România,Campionatul Mondial","aflat,demisia,selecționer,luni,înainte"
"Dumitru Dragomir a anticipat în emisiunea ""Profeţiile lui DON Mitică"" efectele pe care le va avea asupra electoratului măsurile luate de Ilie Bolojan","Dumitru Dragomir,Profeţiile lui DON Mitică,Ilie Bolojan","anticipat,emisiunea,efectele,electoratului,măsurile luate"
"Universitatea Craiova şi Dinamo Bucureşti se întâlnesc vineri, de la ora 21.00, pe stadionul „Ion Oblemenco”, într-un meci din etapa a 10-a","Universitatea Craiova,Dinamo Bucureşti,stadionul „Ion Oblemenco”,etapa a 10-a","întâlnesc,meci"
"Adrian Mutu și-a transmis, în direct la FANATIK SUPERLIGA, poziția în conflictul Rădoi - Baiaram. Ce spune „Briliantul” despre atacantul oltenilor.","Adrian Mutu,FANATIK SUPERLIGA,Rădoi,Baiaram,Briliantul,oltenilor","transmis,direct,poziția,conflictul,spune,atacantul"
"Edi Iordănescu, fostul selecționer al naționalei României, dezamăgit după ce echipa sa, Legia, a remizat acasă cu Jagiellonia.","Edi Iordănescu,naționalei României,Legia,Jagiellonia","fostul selecționer,dezamăgit,remizat,acasă,echipa"
"Universitatea Craiova a primit o veste teribilă înaintea meciului cu Dinamo. CCA a delegat un arbitru acuzat vehement de olteni în sezonul precedent.","Universitatea Craiova,Dinamo,CCA","meci,arbitru,acuzat,olteni,sezonul precedent,veste teribilă"
"Cei 5 nativi care au mare noroc, se bucură de bani mulți și șanse nemăsurate până pe 1 octombrie. Astrele sunt aliniate în favoarea lor.","","nativi,noroc,bani mulți,șanse nemăsurate,astre,aliniate,favorează"
"Fotbalistul de 38 de ani a ajuns la cinci goluri în ultimele nouă zile, fiind golgheterul la zi al MLS și calificându-și echipa în play offul MLS","Fotbalistul de 38 de ani,MLS","goluri,golgheterul,calificându-și,echipa,play off"
"Mai multe din UE au implementat modele care uşurează tranziţia către pensionare, oferind variante flexibile de lucru cu mult înainte de atingerea pragului legal.","UE","implementat,modele,ușurează,tranziția,pensionare,variante flexibile,lucru,atingerea,pragului legal"
"Tatăl lui Vlad Pascu a pornit executarea silită împotriva proprietarului vilei de 2,3 milioane de euro care găzduiește Ambasada Bangladesh. Acesta este un controversat mogul","Vlad Pascu,Ambasada Bangladesh","tatăl,executarea silită,proprietar,vilă,2,3 milioane de euro,controversat,mogul"
"Ce preferințe au românii, când vine vorba despre deținerea unui animal de companie. Cum arată topul, în funcție de preferințele politice","românii","preferințe,animal de companie,topul,preferințele politice"
"George Pușcaș a luat decizia! Atacantul român a refuzat propunerea venită de la Legia Varșovia. Ce l-a nemulțumit pe fotbalist.","George Pușcaș,Legia Varșovia","decizie,atacant,refuzat,propunere,nemulțumit,fotbalist"
"Cu siguranta ai observat si tu ca majoritatea celor care apar „pe sticla” si online, indiferent ca ne referim la fotbalisti, prezentatoare, artisti etc.,","","observat,majoritatea,apar,pe sticla,online,fotbalisti,prezentatoare,artisti"
"Adrian Mutu a analizat la FANATIK SUPERLIGA partida pe care FCSB o va disputa pe terenul olandezilor de la Go Ahead Eagles în Europa League.","Adrian Mutu,FANATIK SUPERLIGA,FCSB,Go Ahead Eagles,Europa League,olandezilor","analizat,partida,disputa,terenul"
"Cu pontul zilei de joi, 25 septembrie, din SuperLiga puteți să dați lovitura la Superbet dacă mizați inspirat pe meciurile din etapa a 11-a.","SuperLiga,Superbet,etapa a 11-a","pontul zilei,lovitura,mizați,meciurile"
"Este doliu în lumea boxului. Un sportiv de 27 de ani s-a stins la doar câteva zile după un meci pierdut. Ce s-a întâmplat.","lumea boxului","doliu,sportiv,27 de ani,stins,meci pierdut"
"Universitatea Craiova a intrat în atmosferă de derby, Mihai Rotaru o așteaptă pe Dinamo în Bănie cu un stadion plin.","Universitatea Craiova,Mihai Rotaru,Dinamo,Bănie","derby,stadion plin"
"Secund al lui Neagoe încă din 2006, de la Pandurii Târgu Jiu, Sebastian Moga a fost cooptat în stafful Petrolului Ploiești, echipă cu rezultate slabe în acest sezon","Neagoe,Pandurii Târgu Jiu,Sebastian Moga,Petrolului Ploiești","secund,cooptat,stafful,echipă,rezultate slabe,sezon"
"Florin Bratu a analizat transferurile lui Dinamo din vara acestui an. „Mitraliera” știe unde mai are nevoie Zeljko Kopic de jucători.","Florin Bratu,Dinamo,Zeljko Kopic","analizat,transferurile,vara,Mitraliera,nevoie,jucători"
"Dinamo și-a dorit să aducă în „haită” un fotbalist ce și-a petrecut trei sezoane alături de rivalii de la FCSB. Care a fost impedimentul ce a oprit acest transfer","Dinamo,FCSB","fotbalist,transfer,haită,rivalii,impedimentul"
"Dinamo Kiev a luat o decizie importantă cu privire la viitorul lui Vladislav Blănuță, jucătorul transferat de la FC U Craiova 1948. Detalii de ultimă oră","Dinamo Kiev,Vladislav Blănuță,FC U Craiova 1948","decizie importantă,viitorul,jucător,transferat,Detalii de ultimă oră"
"Andrei Vochin a povestit două meciuri importante pentru Dinamo din cupele europene. Cu ce performanță au reușit ""câinii"" să scrie istorie pentru fotbalul românesc.","Andrei Vochin,Dinamo,cupele europene,fotbalul românesc","meciuri importante,performanță,scrie istorie"
"Derby-ul Universitatea Craiova - Dinamo, a doua partidă din etapa a 11-a în Superliga, este important pentru olteni dincolo de punctele puse în joc și de pozițiile din clasament. Oltenii sunt primii în ierarhie și mai pot prelua un fotoliu de lider după meciul de vineri, în clasamentul suporterilor.","Derby-ul Universitatea Craiova - Dinamo,Superliga,Oltenii","partidă,important,punctele,joc,pozițiile,clasament,primii,ierarhie,fotoliu,lider,meciul,suporterilor"
"Știrea că Alexandru Mitriță s-a retras de la națională e deja veche. Reacțiile curg, însă, în continuare. Și o vor face pentru încă una, maxim două zile. Apoi se va așterne liniștea, vom uita că Mitriță a renunțat la națională, la fel de repede cum vom uita că a jucat vreodată sub „tricolor”.","Alexandru Mitriță,națională,tricolor","retras,reacții,liniștea,uita,renunțat,jucat"
"Ovidiu Ioanițoaia scrie în Gazeta despre ultimul scandal de la Rapid","Ovidiu Ioanițoaia,Gazeta,Rapid","scandal,scrie,ultimul"
"Gabi Glăvan, directorul departamentului de scouting de la Phoenix Rising Football Club, America, a prefațat la GSP Live duelul dintre Go Ahead Eagles și FCSB.","Gabi Glăvan,Phoenix Rising Football Club,America,GSP Live,Go Ahead Eagles,FCSB","directorul departamentului de scouting,prefațat,duelul"
"Fizioterapeutul Giacomo Naldi, implicat în cazul de dopaj al lui Jannik Sinner, a acordat un interviu pentru Gazzetta dello Sport, în care a vorbit despre relația actuală cu fostul lider mondial.","Fizioterapeutul Giacomo Naldi,Jannik Sinner,Gazzetta dello Sport,lider mondial","implicat,cazul de dopaj,acordat,interviu,relația actuală,fostul"
"Jaqueline Cristian (27 de ani, 42 WTA) a fost învinsă la debut în turneul de la Beijing de Jessica Bouzas Maneiro (22 de ani, 48 WTA), cu 6-4, 6-0, într-o oră și șapte minute. România are două jucătoare în turul al doilea, pe Sorana Cîrstea și Gabriela Ruse.","Jaqueline Cristian,42 WTA,Beijing,Jessica Bouzas Maneiro,48 WTA,România,Sorana Cîrstea,Gabriela Ruse","învinsă,debut,turneu,jucătoare,turul al doilea"
"Gabriela Ruse (27 de ani, 65 WTA) s-a calificat în turul al doilea al turneului de la Beijing, după ce a trecut de slovaca Rebecca Šramková (28 de ani, 55 WTA) cu 6-2, 6-2.","Gabriela Ruse,WTA,Beijing,Rebecca Šramková","calificat,turul al doilea,turneu,trecut"
"Victor Pițurcă (69 de ani), fostul selecționer al României, a vorbit despre ceea ce se întâmplă la naționala României. Instalat pe banca tehnică în urmă cu mai bine de un an, Mircea Lucescu (80 de ani) începuse cu dreptul mandatul, reușind victorii pe linie în Liga Națiunilor.","Victor Pițurcă,România,Mircea Lucescu,Liga Națiunilor","fostul selecționer,naționala României,banca tehnică,mandat,victorii,pe linie"
"Alin Buzărin scrie, pe GSP.ro, despre decizia-șoc a mijlocașului din China","Alin Buzărin,GSP.ro,China","decizia-șoc,mijlocaș"
"Radu Drăgușin și-a reluat de-o lună antrenamentele cu Tottenham, după ruptura de ligamente încrucișate suferită la sfârșitul lui ianuarie.","Radu Drăgușin,Tottenham","antrenamentele,ruptura,ligamente încrucișate,suferită"
"Nouă cupluri de vedete intră în provocarea vieții lor, odată cu sezonul 3 din show-ul Power Couple, la Antena 1. Show-ul este aproape de startul filmărilor, în Malta, iar în ediția din acest an participă și trei sportivi reprezentativi pentru sportul românesc: campioana olimpică Sandra Izbașa, gimnastul Marian Urzică și luptătorul Cătălin Zmărăndescu.","Nouă cupluri de vedete,sezonul 3,show-ul Power Couple,Antena 1,Malta,sportul românesc,Sandra Izbașa,Marian Urzică,Cătălin Zmărăndescu","provocarea vieții,startul filmărilor,ediția,participă,sportivi reprezentativi,campioana olimpică,gimnastul,luptătorul"
"Daniel Grigore scrie în GSP.ro despre cearta dintre Alex Dobre și suporterii Rapidului.","Daniel Grigore,GSP.ro,Alex Dobre,suporterii Rapidului","scrie,cearta,dintre,suporterii"
"Atacantul român Ioan Vermeșan (18 ani) a debutat miercuri seara pentru Verona, formație aflată în Serie A. Echipa acestuia a întâlnit-o pe Venezia în șaisprezecimile de finală ale Cupei Italiei și a pierdut la loviturile de departajare, după ce tabela indica 0-0 la finalul celor 90 de minute.","Ioan Vermeșan,Verona,Serie A,Venezia,Cupa Italiei","atacant,debut,echipa,șaisprezecimile de finală,pierdut,loviturile de departajare,0-0,90 de minute"
"Rapid traversează un start de sezon bun, iar optimismul din Giulești se simte și în discursul oficialilor. Invitat la emisiunea „Prietenii lui Ovidiu”, Victor Angelescu, acționar minoritar al clubului, a vorbit deschis despre șansele Rapidului la titlu, dar și despre situația rivalelor din Superligă.","Rapid,Giulești,Prietenii lui Ovidiu,Victor Angelescu,Superligă","start de sezon bun,optimism,discurs oficial,acționar minoritar,șanse la titlu,rivală"
"Barcelona planifică deja transferurile pentru sezonul viitor. Iar primul jucător vizat este un fundaș central.","Barcelona","planifică,transferurile,sezonul viitor,primul jucător vizat,fundaș central"
"Jose Mourinho a semnat un contract pe doi ani cu Benfica Lisabona, după ce a fost pus pe liber de Fenerbahce.","Jose Mourinho,Benfica Lisabona,Fenerbahce","semnat,contract,doi ani,pus pe liber"
"Grupa unică din Europa League începe astăzi, cu primele 9 meciuri. Primele două încep la 19:45, iar celelalte sunt programate de la 22:00. Toate vor fi liveTEXT pe GSP.ro.","Europa League,GSP.ro","Grupa unică,meciuri,liveTEXT"
"Magdalena Rusu și Simona Radiș au devenit campioane mondiale la dublu rame în cadrul întrecerilor de la Shanghai, o victorie în spatele căreia s-a aflat o situație medicală dură pentru una dintre protagoniste. Florin Arteni și Florin Lehaci au cucerit un argint meritat.","Magdalena Rusu,Simona Radiș,Shanghai,Florin Arteni,Florin Lehaci","campioane mondiale,dublu rame,întreceri,victorie,situație medicală,argint meritat"
"Fundașul central Sergio Ramos (39 de ani) a încercat să înscrie din „scăriță” din penalty în meciul dintre Toluca și Monterrey, pierdut de echipa lui cu scorul de 2-6. Partida s-a jucat joi dimineață, în etapa a 10-a a primei ligi Mexicane.","Sergio Ramos,Toluca,Monterrey,prima ligi Mexicane","Fundașul central,încercat,înscrie,scăriță,penalty,meciul,pierdut,echipa,scorul,Partida,jucat,etapa"
"Răzvan Oaidă (27 de ani), mijlocașul celor de la Universitatea Cluj, a încheiat aventura la gruparea ardeleană, cu care mai avea contract până în vara anului viitor. Cazul acestuia a ajuns pe masa celor de la Camera Națională pentru Soluționarea Litigiilor din cadrul FRF.","Răzvan Oaidă,Universitatea Cluj,gruparea ardeleană,Camera Națională pentru Soluționarea Litigiilor,FRF","mijlocașul,încheiat aventura,contract,cazul,ajuns,masa,soluționarea,litigiilor"
"Andrei Niculescu scrie în Gazeta despre Ousmane Dembele, câștigătorul Balonului de Aur","Andrei Niculescu,Gazeta,Ousmane Dembele,Balonului de Aur","scrie,câștigătorul"
"Debutul lui Carlos Alcaraz (22 de ani) la turneul ATP de la Tokyo ar fi trebuit să fie un motiv de sărbătoare pentru campionul de la US Open, dar totul se pute transforma într-un coșmar. Tenismenul spaniol și-a sucit glezna sub ochii a mii de fani, iar spaima a fost mare în jurul numărului 1 mondial.","Carlos Alcaraz,ATP,Tokyo,US Open,Tenismenul spaniol,numărului 1 mondial","debut,turneu,sărbătoare,campion,transforma,coșmar,sucit glezna,fani,spaima"
"Adrian Mazilu (20 de ani) reprezintă ultimul transfer făcut de Dinamo în această perioadă de mercato. „Câinii” le-au achitat celor de la Brighton aproximativ 450.000 de euro. Mijlocașul dreapta se antrenează separat în acest moment, urmează să intre peste câteva săptămâni în programul echipei.","Adrian Mazilu,Dinamo,Brighton","transfer,mercato,achitat,euro,Mijlocașul dreapta,antrenează,separat,programul echipei"
"Simao Rocha (24 de ani), fundașul stânga al celor de la CFR Cluj, a suferit o intervenție chirurgicală marți seara, iar veștile venite dinspre Gruia nu sunt bune în privința acestuia, care este așteptat să revină pe teren abia la începutul anului viitor.","Simao Rocha,CFR Cluj,Gruia","fundașul stânga,intervenție chirurgicală,veștile,revină pe teren,anului viitor"
"Divizionara secundă CS Tunari are un nou antrenor! Bogdan Pătrașcu (46 de ani), tehnicianul care a pregătit echipa la startul noului sezon, a fost dat afară, după rezultatele modeste înregistrate în primele etape. Anunțul a fost făcut oficial de gruparea ilfoveană.","Divizionara secundă CS Tunari,Bogdan Pătrașcu,gruparea ilfoveană","nou antrenor,pregătit echipa,startul noului sezon,dat afară,rezultatele modeste,primele etape,anunț oficial"
"FC Argeș, echipă care evoluează momentan pe teren propriu la Mioveni, va avea un nou stadion la Pitești. Deși în ultima perioadă au existat tot felul de zvonuri privind demararea lucrărilor la arena din Trivale, Cseke Attila, ministrul Dezvoltării, Lucrărilor Publice și Administrației, a dat asigurări că totul va decurge conform planului, iar orașul va avea stadion nou în viitorul apropiat.","FC Argeș,Mioveni,Pitești,Trivale,Cseke Attila,Ministrul Dezvoltării, Lucrărilor Publice și Administrației","echipă,evoluează,teren propriu,nou stadion,zvonuri,demararea lucrărilor,arena,asigurări,plan,oraș,stadion nou,viitorul apropiat"
"S-au comercializat 8.000 de bilete la meciul Universitatea Craiova - Dinamo (vineri, ora 21:00), pe lângă cei 5.000 de abonați ai grupării. Roș-albii au primit 1.400 de tichete la partida orgoliilor","Universitatea Craiova,Dinamo,Roș-albii","bilete,meciul,abonați,grupării,tichete,partida,orgoliilor"
"Mihai Stoica (60 de ani), președintele Consiliului Administrativ de la FCSB, a făcut un anunț înainte de meciul cu Go Ahead Eagles, primul din grupa unică din Europa League.","Mihai Stoica,Consiliului Administrativ,FCSB,Go Ahead Eagles,Europa League","președinte,anunț,meciul,primul,grupa unică"
"Motive clare pentru declinul FCSB: absențe majore, statistici negative.","FCSB","declin,absențe majore,statistici negative"
"Starul argentinian Lionel Messi (38 de ani) a marcat din nou două goluri și a oferit o pasă decisivă, ajungând la 37 de contribuții (goluri și assist-uri) în acest sezon, iar Inter Miami și-a asigurat un loc în play-off după o victorie convingătoare cu 4-0 împotriva lui New York City.","Starul argentinian,Lionel Messi,Inter Miami,New York City","marcat,două goluri,pasă decisivă,37 de contribuții,sezon,asigurat,loc,play-off,victorie,convingătoare,4-0"
"Fostul mare internațional Marcel Răducanu (70 de ani), considerat unul dintre cei mai creativi jucători din istoria fotbalului românesc, s-a declarat și el surprins de decizia lui Alex Mitriță de a se retrage de la echipa națională la doar 30 de ani.","Marcel Răducanu,Alex Mitriță,echipa națională,fotbalului românesc","fostul mare internațional,creativi jucători,istoria,surprins,decizia,retrage"
"Sophie Rain, cea mai bine plătită creatoare de conținut pentru adulți (OnlyFans), a împlinit recent 21 de ani și și-a sărbătorit ziua de naștere într-un cadru spectaculos, la faimosul „Encore Beach Club”, unul dintre cele mai cunoscute cluburi de zi și piscine de lux din Las Vegas. Atmosfera a fost întreținută de un DJ set special angajat de Shaquille O’Neal, legenda din NBA, potrivit sportal.blic.rs.","Sophie Rain,OnlyFans,Encore Beach Club,Las Vegas,DJ,Shaquille O’Neal,NBA,sportal.blic.rs","creatoare de conținut pentru adulți,zi de naștere,cadru spectaculos,cluburi de zi,piscine de lux,Atmosfera,set special,legenda"
"Liga Profesionistă de Fotbal (LPF) a anunțat programul etapei 13 din Superliga. Dinamo - Rapid, derby-ul rundei, va avea loc duminică, 19 octombrie, de la ora 20:30.","Liga Profesionistă de Fotbal,Superliga,Dinamo,Rapid","program,etapă,derby,rundă,loc"
"Marius Mărgărit scrie în Gazeta despre eșecul Rapidului contra celor de la Hermannstadt","Marius Mărgărit,Gazeta,Rapidului,Hermannstadt","scrie,eșecul,contra"
"Totul a pornit de la cazul a patru sportivi austrieci care au încălcat regulamentele antidopaj. Unele voci spun că identificarea lor, cu nume și prenume, ar fi în contradicție cu legislația Uniunii Europene legată de viața personală.","sportivi austrieci,Uniunii Europene","cazul,încălcat,regulamentele antidopaj,identificarea,contradicție,legislația,viața personală"
"Carlos Mora, 24 de ani, este monitorizat de diverse formații din Europa, dar oltenii n-au vrut să se despartă de el în mercato de vară, refuzând peste două milioane de euro din Grecia pentru costarican. Juveții ar vrea să obțină peste 3 milioane de euro pe fotbalistul ce a fost recomandat în Italia și în Franța","Carlos Mora,Europa,Grecia,costarican,Juveții,Italia,Franța","monitorizat,formații,oltenii,mercato de vară,refuzând,milioane de euro,fotbalistul,recomandat"
"Alysa Liu, 20 de ani, campioană mondială la patinaj artistic, a anunțat că renunță la programul său scurt pentru Jocurile Olimpice de la Milano, din cauza anchetei care-l are în centru pe unul dintre artiștii care interpretează muzica pe care americanca și-a construit exercițiul pentru sezonul viitor.","Alysa Liu,Jocurile Olimpice de la Milano,artiștii,americanca","campionă mondială,patinaj artistic,renunță,programul scurt,anchetă,interpretează,muzica,exercițiul,sezonul viitor"
"Narcis Drejan scrie în GSP despre polemica iscată în jurul lui Walter Zenga și Cristi Chivu.","Narcis Drejan,GSP,Walter Zenga,Cristi Chivu","polemica,jurul"
"Ionuț Panțîru (29 de ani), fundașul stânga care a evoluat până la începutul acestui an la FCSB, a semnat joi cu divizionara secundă CS Tunari, locul 16 la startul acestei stagiuni.","Ionuț Panțîru,FCSB,CS Tunari","fundașul stânga,evoluat,semnat,divizionara secundă,locul 16,startul,stagiuni"
"Justin Ștefan, secretarul general al Ligii Profesioniste de Fotbal, e invitatul ediției #25 a podcastului GSP „2 la 1”, format realizat de Alexandru Barbu și Raul Rusescu.","Justin Ștefan,Ligii Profesioniste de Fotbal,GSP,2 la 1,Alexandru Barbu,Raul Rusescu","secretarul general,invitat,ediției,podcastului,format realizat"
"Julia Simon (Franța, 28 de anii), de zece ori campioană a lumii la biatlon, va compărea în fața justiției, fiind acuzată de furt și fraudă de pe carduri bancare. Prinma sa audiere este programată pentru 24 octombrie.","Julia Simon,Franța,lumii,biatlon,justiției,carduri bancare,24 octombrie","campioană,compară,acuzată,furt,fraudă,audiere,programată"
"Kevin Brobbey, 32 de ani, cunoscut în fotbalul românesc sub numele de Luckassen, cel mai bun marcator olandez din istoria Superligii, cu 19 goluri înscrise pentru Gloria Buzău, UTA Arad, Rapid, Sepsi, Viitorul și Poli Iași, a prefațat pentru GSP partida inaugurală a campioanei FCSB în grupa unică din Europa League, contra celor de la Go Ahead Eagles.","Kevin Brobbey,Luckassen,Superligii,Gloria Buzău,UTA Arad,Rapid,Sepsi,Viitorul,Poli Iași,GSP,FCSB,Europa League,Go Ahead Eagles","fotbalul românesc,marcator olandez,goluri înscrise,partida inaugurală,campiona,grupa unică"
"Atilla Hadnagy, directorul sportiv al celor de la Sepsi, a vorbit despre transferul ratat al lui Denis Haruț (26 de ani) la Dinamo.","Atilla Hadnagy,Sepsi,Denis Haruț,Dinamo","directorul sportiv,transfer,ratat"
"PAOK, echipă pregătită de Răzvan Lucescu, și Maccabi Tel Aviv au făcut 0-0 în prima etapă din grupa unică a Europa League.","PAOK,Răzvan Lucescu,Maccabi Tel Aviv,Europa League","echipă pregătită,prima etapă,grupa unică,0-0"
"Legia Varșovia, echipă pregătită de Edi Iordănescu, a terminat la egalitate, 0-0, cu Jagiellonia și se află pe locul 7 în clasamentul Ekstraklasa.","Legia Varșovia,Edi Iordănescu,Jagiellonia,Ekstraklasa","echipă,pregătită,a terminat,egalitate,clasaament,locul 7"
"Mihai Mironică scrie în Gazeta despre eșecul Rapidului și curajul lui Alex Dobre de a înfrunta suporterii","Mihai Mironică,Gazeta,Rapidului,Alex Dobre","scrie,eșecul,curajul,a înfrunta,suporterii"
"Baba Alhassan (25 de ani), mijlocașul celor de la FCSB, a prefațat meciul cu Go Ahead Eagles, care se va juca de la 19:45, în prima rundă a grupei din Europa League.","Baba Alhassan,FCSB,Go Ahead Eagles,Europa League","mijlocaș,meci,prima rundă,grupa"
"Ovidiu Herea (40 de ani), fostul mijlocaș de la Rapid, a văzut cum va juca FCSB în meciul cu Go Ahead Eagles, care se va juca de la 19:45, și este îngrijorat cu privire la unul dintre titulari.","Ovidiu Herea,Rapid,FCSB,Go Ahead Eagles","mijlocaș,meci,titulari,îngrijorat"
"Andreea Ana, 24 ani, a obținut zilele trecute medalia de bronz la Mondialele de lupte, seniori, în Croația. Pe CV-ul ei mai există trei titluri continentale. Primul său antrenor de la Mangalia, Marian Oancea, spune povestea emoționantă a unei sportive care vizează un loc pe podium la Olimpiada de la Los Angeles 2028","Andreea Ana,Mondialele de lupte,Croația,Mangalia,Marian Oancea,Olimpiada de la Los Angeles 2028","medalia de bronz,seniori,trei titluri continentale,antrenor,povestea emoționantă,sportive,vizează,loc pe podium"
"FCSB, campioana României, debutează la mijlocul acestei săptămâni în grupa unică din Europa League, în deplasare, pe terenul celor de la Go Ahead Eagles. Meciul de joi seara, 25 septembrie, este programat de la ora 19:45 și va putea fi urmărit în format liveTEXT pe GSP.ro.","FCSB,România,Europa League,Go Ahead Eagles,GSP.ro","campioana,debutează,grupa unică,deplasare,terenul,meciul,programat,liveTEXT"
"FCSB debutează în această seară în grupa principală din Europa League și, în ciuda formei foarte bune arătate stagiunea precedentă, când campioana României s-a oprit în faza optimilor, șansele roș-albaștrilor de a continua în competiție sunt minime la startul actualei ediții. Specialiștii au făcut calculele, iar veștile nu sunt deloc bune pentru formația din Capitală.","FCSB,Europa League,României,Capitală","debutează,grupa principală,formă foarte bună,stagiunea precedentă,campioana,optimilor,șanse minime,startul,ediții,specialiștii,calculele,veștile,formația"
"Daniel Pancu (48 de ani), fostul selecționer al naționalei de tineret, a spus ce relație a avut în mandatul său cu Răzvan Burleanu (președintele FRF), Mihai Stoichiță (directorul tehnic) și Mircea Lucescu (selecționerul primei echipe).","Daniel Pancu,naționalei de tineret,Răzvan Burleanu,FRF,Mihai Stoichiță,Mircea Lucescu,primei echipe","fostul selecționer,relație,mandatul,președintele,directorul tehnic,selecționerul"
"Liviu Ganea (37 de ani), fostul atacant al lui Dinamo, îi cere selecționerului Mircea Lucescu (80 de ani) să-l convoace la echipa națională pe Cătălin Cîrjan (22 de ani), căpitanul „câinilor”. Ar fi prima convocare pentru mijlocașul crescut de Arsenal.","Liviu Ganea,Dinamo,Mircea Lucescu,Cătălin Cîrjan,Arsenal,echipa națională","atacant,selecționer,convoace,căpitan,convocare,mijlocaș,crescut"
"În noua sa biografie, „Visul. Cum să câștigi Liga Campionilor”, Carlo Ancelotti povestește două episoade dureroase din cariera sa de antrenor.","Visul. Cum să câștigi Liga Campionilor,Carlo Ancelotti,Liga Campionilor","biografie,episoade dureroase,cariera,antrenor"
"Biletele pentru meciul din Liga Campionilor dintre Kairat Almaty și Real Madrid s-au epuizat în doar patru ore, a anunțat serviciul de presă al clubului kazah, citat de sportal.bg. Tichetele au fost comercializate ieri, iar fanii le-au luat cu asalt.","Biletele,Liga Campionilor,Kairat Almaty,Real Madrid,serviciul de presă,clubului kazah,sportal.bg","meciul,epuizat,patru ore,anunțat,comercializate,fanii,asalt"
"Denis Alibec (34 de ani), atacantul celor de la FCSB, a fost prezent la conferința de presă premergătoare meciului cu Go Ahead Eagles, care se va juca de la 19:45.","Denis Alibec,FCSB,Go Ahead Eagles","atacantul,prezent,conferința de presă,meciului,juca"
"Dintre toate echipele din Superligă, Dinamo este formația care permite adversarilor cele mai puține șuturi spre poarta proprie: doar 8,72 pe meci, în medie.","Superligă,Dinamo","echipe,formația,adversari,șuturi,poarta,meci,medie"
"Delonte West, fostul baschetbalist care a purtat echipamentul echipelor Boston, Cleveland și Dallas, a apărut într-o filmare pe rețelele de socializare în care e dezorientat, semidezbrăcat, stând lângă o mașină și cerșind de la trecători.","Delonte West,Boston,Cleveland,Dallas","fostul baschetbalist,echipamentul echipelor,filmare,rețelele de socializare,dezorientat,semidezbrăcat,stând lângă o mașină,cerșind de la trecători"
"Veste șoc la echipa națională de handbal feminin cu mai puțin de două luni înainte de participarea la Campionatul Mondial din 2026! Selecționerul primei reprezentative, Florentin Pera (45 de ani), a demisionat din funcție.","echipa națională de handbal feminin,Campionatul Mondial din 2026,Florentin Pera","Veste șoc,participare,Selecționer,demisionat,funcție"
"Zeljko Kopic (48 de ani), antrenorul lui Dinamo, a susținut conferința de presă premergătoare derby-ului din deplasare cu Universitatea Craiova. Partida a fost programată vineri, 26 septembrie, de la 21:00, pe „Ion Oblemenco”.","Zeljko Kopic,Dinamo,Universitatea Craiova,Ion Oblemenco","antrenor,conferința de presă,derby,deplasare,partida,programată"
"Fostul mare mijlocaș Iosif Rotariu (62 de ani) a oferit un răspuns surprinzător în momentul în care a fost întrebat dacă cei de la FCSB se vor bate la titlu în acest sezon.","Iosif Rotariu,FCSB","fostul mare mijlocaș,răspuns surprinzător,întrebat,băte la titlu,sezon"
"Vești proaste pentru Dinamo, în ceea ce privește construirea noului stadion din șoseaua „Ștefan cel Mare”. Deși actele pentru construirea arenei au fost semnate, lucrările nu au început, iar Ionuț Lupescu (56 de ani), care activează în prezent la CS Dinamo, a anunțat noi amânări.","Dinamo,șoseaua „Ștefan cel Mare”,Ionuț Lupescu,CS Dinamo","Vești proaste,construirea,noului stadion,actele,arena,lucrările,anunțat,nou,amânări"
"FCSB a anunțat că toate biletele destinate suporterilor români pentru meciul cu Go Ahead Eagles, care se va juca de la 19:45, au fost vândute.","FCSB,suporterilor români,Go Ahead Eagles","biletele,vândute,meciul"
"Raul Rusescu scrie în Gazetă concluzii după primele 10 etape din Superliga","Raul Rusescu,Gazetă,Superliga","concluzii,etape,scrie"
"Președintele de onoare al lui Bayern, Uli Hoeness, a vorbit despre momentul în care clubul l-a vândut pe Karl-Heinz Rummenigge lui Inter.","Președintele de onoare,Bayern,Uli Hoeness,Karl-Heinz Rummenigge,Inter","vândut,clubul,momentul,despre,vorbit"
"La scorul de 1-0 pentru „tricolori”, în minutul șase, partida de futsal masculin România-Ungaria, manșa retur a barajului pentru Campionatul European, a fost întreruptă miercuri seară din cauza incidentelor din tribune.","tricolori,partida de futsal masculin România-Ungaria,manșa retur a barajului pentru Campionatul European,incidentelor din tribune","scorul,1-0,minutul șase,fost întreruptă,miercuri seară"
"Narcis Drejan scrie în Gazeta despre retragerea lui Alex Mitriță de la naționala României","Narcis Drejan,Gazeta,Alex Mitriță,naționala României","scrie,retragerea"
"Gruparea de Jandarmi Mobilă Craiova a venit cu precizări după incidentele de la meciul de futsal România - Ungaria 2-2, desfășurat în Sala Polivalentă din Bănie, prin care „tricolorii” au pierdut calificarea la Campionatul European din 2026.","Gruparea de Jandarmi Mobilă Craiova,meciul de futsal România - Ungaria,Sala Polivalentă din Bănie,tricolorii,Campionatul European din 2026","incidentele,desfășurat,pierdut,calificarea"
"Vladislav Blănuță (23 de ani) nu a avut parte de liniște de când a semnat cu Dinamo Kiev, după ce fanii urcaineni au descoperit mesajele pro-ruse ale acestuia, iar zilele atacantului la noua lui echipă par numărate. În acest moment, impresarul jucătorului de la FCU Craiova a început să îi caute un nou angajament.","Vladislav Blănuță,Dinamo Kiev,FCU Craiova","atacant,fanii,mesajele pro-ruse,impresarul,nou angajament"
"România face show la Campionatele Mondiale de Canotaj din Shanghai, China, iar după ce Simona Radiș (26 de ani) și Magdalena Rusu (25) au luat aurul la dublu rame feminin, Florin Lehaci (26) și Florin Arteni (24) au cucerit argintul la dublu rame masculin.","România,Campionatele Mondiale de Canotaj,Shanghai,China,Simona Radiș,Magdalena Rusu,dublu rame feminin,Florin Lehaci,Florin Arteni,dublu rame masculin","show,aur,argint,cucerit"
"Universitatea Craiova se pregătește intens de primul meci din faza principală a UEFA Europa Conference League, iar Oltenia fierbe deja.","Universitatea Craiova,UEFA Europa Conference League,Oltenia","pregătește,meci,faza principală,fierbe"
"Gazzetta dello Sport a făcut marele anunț despre viitorul lui Cristian Chivu pe banca lui Inter Milano. Jurnaliștii italieni sunt de părere că antrenorul român a reușit să redreseze ""corabia"".","Gazzetta dello Sport,Cristian Chivu,Inter Milano","anunț,viitor,banca,jurnaliști italieni,antrenor român,redreseze,corabia"
"Cu doar câteva ore înainte de debutul celor de la FCSB în UEFA Europa League, contul oficial de Instagram al competiției a republicat unul din golurile bucureștenilor.","FCSB,UEFA Europa League,Instagram","debut,competiție,republicat,gol"
"Marcell Alasztics, eroul Ungariei din Bănie, replică dură împotriva României","Marcell Alasztics,Ungariei,Bănie,României","eroul,replică dură,împotriva"
"Jean Vlădoiu, Cristian Sava, Ianis Zicu, Andrei Prepeliță au fost reclamați de către Școala de Antrenori la Comisia de Disciplină.","Jean Vlădoiu,Cristian Sava,Ianis Zicu,Andrei Prepeliță,Școala de Antrenori,Comisia de Disciplină","reclamați,antrenori,disciplină"
"Sandra Iszbașa și Marius Urzică intră în bătălia Power Couple","Sandra Iszbașa,Marius Urzică,Power Couple","bătălia,intră"
"Președintele Petrolului, Claudiu Tudor, este criticat în ultima perioadă de o parte a fanilor echipei ploieștene, din cauza rezultatelor slabe","Președintele Petrolului,Claudiu Tudor,echipei ploieștene","criticat,fanilor,rezultatele slabe"
"Mirel Rădoi a luat o decizie radicală la Universitatea Craiova, pentru care urmează derby-ul cu Dinamo București. Antrenorul a declarat că a stabilit o nouă regulă, iar cei ce o vor încălca, indiferent de nume, nu vor face deplasarea în Polonia, pentru meciul cu Rakow, din UEFA Conference League.","Mirel Rădoi,Universitatea Craiova,Dinamo București,Polonia,Rakow,UEFA Conference League","decizie,radicală,derby,antrenor,declarant,regulă,încălca,deplasare,meci"
"România a luat aur la Campionatele Mondiale de Canotaj din Shanghai! Simona Radiș și Magdalena Rusu au fost de neoprit și s-au impus fără drept de apel în finală.","România,Campionatele Mondiale de Canotaj,Shanghai,Simona Radiș,Magdalena Rusu","aur,neoprit,impus,finală"
"Transferurile care ar transforma-o pe Dinamo într-o candidată serioasă la titlu","Transferurile,Dinamo","transforma,candidată serioasă,titlu"
"Florin Tănase și Mihai Stoica, amendați de FRF după atacurile la adresa „fluierașilor”","Florin Tănase,Mihai Stoica,FRF,fluierașilor","amendați,atacurile,adresa"
"Andrei Cristea (41 de ani) s-a despărțit de SC Popești Leordeni, echipă ilfoveană din Liga 3, și preia Concordia Chiajna, echipă tot din","Andrei Cristea,SC Popești Leordeni,Liga 3,Concordia Chiajna","despărțit,echipă ilfoveană,preia"
"Naționala de handbal feminin a României ar fi rămas fără selecționer chiar înaintea Campionatului Mondial, dar Constantin Din mai speră într-o revenire a lui Florentin Pera.","Naționala de handbal feminin a României,Campionatului Mondial,Constantin Din,Florentin Pera","handbal feminin,selecționer,speră,revenire"
"Ionuț Lupescu (56 de ani), fost mare internațional român care ocupă funcția de președinte de onoare la Clubul Sportiv Dinamo, a transmis public și cât se poate de direct că este gata să accepte o eventuală ofertă de la Dan Șucu (62).","Ionuț Lupescu,Clubul Sportiv Dinamo,Dan Șucu","mare internațional român,președinte de onoare,transmis public,direct,gata să accepte,eventuală ofertă"
"Teodora Stoica va prezenta emisiunea „Start Pet” de la PrimaSport","Teodora Stoica,Start Pet,PrimaSport","emisiunea,prezenta"
"Dinamo București a fost la un pas de a mai transfera un fost fotbalist de la FCSB în campania de mercato a verii, care a petrecut 3 ani sub comanda formației „roș-albastre”.","Dinamo București,FCSB,formației „roș-albastre”","transfera,fotbalist,campania de mercato,verii,3 ani,sub comanda"
